{"stats":{"minecraft:used":{"minecraft:wooden_axe":17,"minecraft:birch_planks":4,"minecraft:wooden_pickaxe":3},"minecraft:custom":{"minecraft:time_since_rest":6735,"minecraft:play_time":6735,"minecraft:sprint_one_cm":13945,"minecraft:walk_one_cm":4196,"minecraft:sneak_time":2,"minecraft:jump":125,"minecraft:leave_game":1,"minecraft:time_since_death":6735,"minecraft:total_world_time":6735,"minecraft:fall_one_cm":1045,"minecraft:fly_one_cm":16065},"minecraft:crafted":{"minecraft:birch_wood":3,"minecraft:birch_planks":16,"cyclic:crafting_stick":1,"minecraft:crafting_table":2,"minecraft:stick":8,"minecraft:wooden_pickaxe":1,"minecraft:wooden_axe":1},"minecraft:mined":{"minecraft:grass":18,"minecraft:birch_planks":3,"minecraft:birch_log":19},"minecraft:picked_up":{"minecraft:birch_log":19,"minecraft:wheat_seeds":1,"minecraft:birch_planks":3}},"DataVersion":3465}