{"stats":{"minecraft:picked_up":{"minecraft:wheat_seeds":3},"minecraft:mined":{"minecraft:grass":2,"minecraft:spruce_leaves":5,"minecraft:fern":7},"minecraft:custom":{"minecraft:jump":102,"minecraft:time_since_rest":2074,"minecraft:leave_game":1,"minecraft:sprint_one_cm":12658,"minecraft:play_time":2074,"minecraft:damage_taken":10,"minecraft:time_since_death":2074,"minecraft:walk_one_cm":1389,"minecraft:sneak_time":6,"minecraft:total_world_time":2074,"minecraft:fall_one_cm":1976,"minecraft:fly_one_cm":17797}},"DataVersion":2975}